{
  "Random Forest": {
    "accuracy": 0.5673037173657265,
    "precision": 0.5830047855227136,
    "recall": 0.5673037173657265,
    "f1": 0.5589333374269871
  }
}