{
  "Single-Task DNN": {
    "accuracy": 0.6660094762616465,
    "precision": 0.6173897848641237,
    "recall": 0.6660094762616465,
    "f1": 0.6196405893023982
  }
}