{
  "SmartAir (Multi-task DNN)": {
    "accuracy": 0.5805641237637931,
    "precision": 0.5529777655355272,
    "recall": 0.5805641237637931,
    "f1": 0.5504927977062785
  }
}