{
  "SVM (RBF kernel)": {
    "accuracy": 0.623906890959392,
    "precision": 0.5639539222159533,
    "recall": 0.623906890959392,
    "f1": 0.575441329288906
  }
}